[
  {
    "FechaCita": "3 Agosto 2022",
    "HoraInicioCita": "4",
    "HoraFinCita": "5",
    "NITPaciente": "1",
    "NombrePaciente": null,
    "ApellidoPaciente": null,
    "DireccionPaciente": null,
    "FechaNPaciente": null,
    "TelefonoPaciente": null
  },
  {
    "FechaCita": "2 Julio 2022",
    "HoraInicioCita": "3",
    "HoraFinCita": "4",
    "NITPaciente": "1",
    "NombrePaciente": null,
    "ApellidoPaciente": null,
    "DireccionPaciente": null,
    "FechaNPaciente": null,
    "TelefonoPaciente": null
  },
  {
    "FechaCita": "3 Julio 2022",
    "HoraInicioCita": "3",
    "HoraFinCita": "4",
    "NITPaciente": "1",
    "NombrePaciente": null,
    "ApellidoPaciente": null,
    "DireccionPaciente": null,
    "FechaNPaciente": null,
    "TelefonoPaciente": null
  },
  {
    "FechaCita": "3 Agosto 2022",
    "HoraInicioCita": "5",
    "HoraFinCita": "6",
    "NITPaciente": "1",
    "NombrePaciente": null,
    "ApellidoPaciente": null,
    "DireccionPaciente": null,
    "FechaNPaciente": null,
    "TelefonoPaciente": null
  }
]
