[{"IdConsulta":"2","FechaHoraConsultas":"2022-06-15T00:00:00","TemperaturaP":"37","PresionP":"145","CodigoMedicamento":null,"SintomasPaciente":[{"CodigoSintoma":null,"DescripcionSintoma":"Nausea"},{"CodigoSintoma":null,"DescripcionSintoma":"Presión alta"}],"DiagnosticoP":"Hipertensión","TratamientoP":"Pastilla ","RecetaP":[{"CodigoMedicamento":null,"IngredienteGenerico":null,"LaboratorioMarcaC":null,"Enfermedad":null,"Dosis":"1 ","horaAdministracion":"cada 12 hrs"}],"VistaProximaP":"2022-06-17T00:00:00","CostoConsultaP":"300","imagenesP":"C: \\Users\\USUARIO\\Desktop\\imagenesProgra\\descarga.jpgcosito2.png","FechaCita":null,"HoraInicioCita":null,"HoraFinCita":null,"NITPaciente":"1","NombrePaciente":null,"ApellidoPaciente":null,"DireccionPaciente":null,"FechaNPaciente":null,"TelefonoPaciente":null},{"IdConsulta":"3","FechaHoraConsultas":"2022-06-08T00:00:00","TemperaturaP":"38","PresionP":"165","CodigoMedicamento":null,"SintomasPaciente":[{"CodigoSintoma":null,"DescripcionSintoma":"Dolor"},{"CodigoSintoma":null,"DescripcionSintoma":"ardor"}],"DiagnosticoP":"Alergia","TratamientoP":"Jarabe y reposo","RecetaP":[{"CodigoMedicamento":null,"IngredienteGenerico":null,"LaboratorioMarcaC":null,"Enfermedad":null,"Dosis":"1 cuharada","horaAdministracion":"4 a 8 hrs"}],"VistaProximaP":"2022-06-11T00:00:00","CostoConsultaP":"400","imagenesP":"C: \\Users\\USUARIO\\Desktop\\imagenesProgra\\descarga.jpgCAD2.png","FechaCita":null,"HoraInicioCita":null,"HoraFinCita":null,"NITPaciente":"2","NombrePaciente":null,"ApellidoPaciente":null,"DireccionPaciente":null,"FechaNPaciente":null,"TelefonoPaciente":null}]